Workbook

Sheet START HERE
A1: Ember Society — event check-in
A3: Do steps 1 and 2 the DAY BEFORE the event. Step 3 is the day itself.
A5: STEP 1 — Paste who bought tickets
A6: In Stripe, open this event's payment link and export the payments.
A7: Copy the NAME and EMAIL of each buyer.
A8: Paste them into the 'Check-in list' tab, under Name and Email.
A9: Nothing else on that tab needs typing — the rest fills itself in.
A11: STEP 2 — Paste who signed the waiver
A12: Open the waiver response spreadsheet (the one linked to the Google Form).
A13: Select everything, including the top row of headings, and copy.
A14: Paste it into the 'Waivers' tab, starting in the very first cell (A1).
A15: Keep the headings — the formulas find columns by their names, so the
... A23: WHERE WE ARE
A25: Ticket holders | C25: =COUNTA('Check-in list'!$A$2:$A$41)
A26: Waivers signed | C26: =COUNTIF('Check-in list'!$C$2:$C$41,"YES*")
A27: Still to chase | C27: =COUNTIF('Check-in list'!$C$2:$C$41,"NOT SIGNED")
A28: Not to be photographed | C28: =COUNTIF('Check-in list'!$D$2:$D$41,"DO NOT PHOTO")
A30: IF SOMETHING LOOKS WRONG
A31: A whole column showing 'check headings' means the Waivers tab is empty,
A32: or its heading row did not come across. Re-paste it including row 1.
A34: 'YES - check name' means we matched the person by name but not by email.
A35: That is normal for a gift ticket, where the buyer and the participant are
A36: different people. Glance at those rows, then treat them as signed.

Sheet Check-in list
A1: Name | B1: Email | C1: Waiver | D1: No photos | E1: Emergency contact | F1: Here | G1: Notes | H1: ref
C2: =IF($A2="","",IFERROR(IF($H2="","NOT SIGNED",IF($H2>0,"YES","YES - check name")),"check headings")) | D2: =IF(OR($A2="",$H2=""),"",IFERROR(IF(INDEX(Waivers!$A:$Z,ABS($H2),MATCH("*hotograph*",Waivers!$1:$1,0))<>"","DO NOT PHOTO",""),"")) | E2: =IF(OR($A2="",$H2=""),"",IFERROR(INDEX(Waivers!$A:$Z,ABS($H2),MATCH("*Emergency Contact Name*",Waivers!$1:$1,0))&" "&INDEX(Waivers!$A:$Z,ABS($H2),MATCH("*Emergency Contact Phone*",Waivers!$1:$1,0)),"")) | H2: =IF($A2="","",IFERROR(MATCH(TRIM($B2),INDEX(Waivers!$A:$Z,0,MATCH("*Email*",Waivers!$1:$1,0)),0),IFERROR(-MATCH(TRIM($A2),INDEX(Waivers!$A:$Z,0,MATCH("*Participant Name*",Waivers!$1:$1,0)),0),"")))
C3: =IF($A3="","",IFERROR(IF($H3="","NOT SIGNED",IF($H3>0,"YES","YES - check name")),"check headings")) | D3: =IF(OR($A3="",$H3=""),"",IFERROR(IF(INDEX(Waivers!$A:$Z,ABS($H3),MATCH("*hotograph*",Waivers!$1:$1,0))<>"","DO NOT PHOTO",""),"")) | E3: =IF(OR($A3="",$H3=""),"",IFERROR(INDEX(Waivers!$A:$Z,ABS($H3),MATCH("*Emergency Contact Name*",Waivers!$1:$1,0))&" "&INDEX(Waivers!$A:$Z,ABS($H3),MATCH("*Emergency Contact Phone*",Waivers!$1:$1,0)),"")) | H3: =IF($A3="","",IFERROR(MATCH(TRIM($B3),INDEX(Waivers!$A:$Z,0,MATCH("*Email*",Waivers!$1:$1,0)),0),IFERROR(-MATCH(TRIM($A3),INDEX(Waivers!$A:$Z,0,MATCH("*Participant Name*",Waivers!$1:$1,0)),0),"")))
C4: =IF($A4="","",IFERROR(IF($H4="","NOT SIGNED",IF($H4>0,"YES","YES - check name")),"check headings")) | D4: =IF(OR($A4="",$H4=""),"",IFERROR(IF(INDEX(Waivers!$A:$Z,ABS($H4),MATCH("*hotograph*",Waivers!$1:$1,0))<>"","DO NOT PHOTO",""),"")) | E4: =IF(OR($A4="",$H4=""),"",IFERROR(INDEX(Waivers!$A:$Z,ABS($H4),MATCH("*Emergency Contact Name*",Waivers!$1:$1,0))&" "&INDEX(Waivers!$A:$Z,ABS($H4),MATCH("*Emergency Contact Phone*",Waivers!$1:$1,0)),"")) | H4: =IF($A4="","",IFERROR(MATCH(TRIM($B4),INDEX(Waivers!$A:$Z,0,MATCH("*Email*",Waivers!$1:$1,0)),0),IFERROR(-MATCH(TRIM($A4),INDEX(Waivers!$A:$Z,0,MATCH("*Participant Name*",Waivers!$1:$1,0)),0),"")))
C5: =IF($A5="","",IFERROR(IF($H5="","NOT SIGNED",IF($H5>0,"YES","YES - check name")),"check headings")) | D5: =IF(OR($A5="",$H5=""),"",IFERROR(IF(INDEX(Waivers!$A:$Z,ABS($H5),MATCH("*hotograph*",Waivers!$1:$1,0))<>"","DO NOT PHOTO",""),"")) | E5: =IF(OR($A5="",$H5=""),"",IFERROR(INDEX(Waivers!$A:$Z,ABS($H5),MATCH("*Emergency Contact Name*",Waivers!$1:$1,0))&" "&INDEX(Waivers!$A:$Z,ABS($H5),MATCH("*Emergency Contact Phone*",Waivers!$1:$1,0)),"")) | H5: =IF($A5="","",IFERROR(MATCH(TRIM($B5),INDEX(Waivers!$A:$Z,0,MATCH("*Email*",Waivers!$1:$1,0)),0),IFERROR(-MATCH(TRIM($A5),INDEX(Waivers!$A:$Z,0,MATCH("*Participant Name*",Waivers!$1:$1,0)),0),"")))
C6: =IF($A6="","",IFERROR(IF($H6="","NOT SIGNED",IF($H6>0,"YES","YES - check name")),"check headings")) | D6: =IF(OR($A6="",$H6=""),"",IFERROR(IF(INDEX(Waivers!$A:$Z,ABS($H6),MATCH("*hotograph*",Waivers!$1:$1,0))<>"","DO NOT PHOTO",""),"")) | E6: =IF(OR($A6="",$H6=""),"",IFERROR(INDEX(Waivers!$A:$Z,ABS($H6),MATCH("*Emergency Contact Name*",Waivers!$1:$1,0))&" "&INDEX(Waivers!$A:$Z,ABS($H6),MATCH("*Emergency Contact Phone*",Waivers!$1:$1,0)),"")) | H6: =IF($A6="","",IFERROR(MATCH(TRIM($B6),INDEX(Waivers!$A:$Z,0,MATCH("*Email*",Waivers!$1:$1,0)),0),IFERROR(-MATCH(TRIM($A6),INDEX(Waivers!$A:$Z,0,MATCH("*Participant Name*",Waivers!$1:$1,0)),0),"")))
C7: =IF($A7="","",IFERROR(IF($H7="","NOT SIGNED",IF($H7>0,"YES","YES - check name")),"check headings")) | D7: =IF(OR($A7="",$H7=""),"",IFERROR(IF(INDEX(Waivers!$A:$Z,ABS($H7),MATCH("*hotograph*",Waivers!$1:$1,0))<>"","DO NOT PHOTO",""),"")) | E7: =IF(OR($A7="",$H7=""),"",IFERROR(INDEX(Waivers!$A:$Z,ABS($H7),MATCH("*Emergency Contact Name*",Waivers!$1:$1,0))&" "&INDEX(Waivers!$A:$Z,ABS($H7),MATCH("*Emergency Contact Phone*",Waivers!$1:$1,0)),"")) | H7: =IF($A7="","",IFERROR(MATCH(TRIM($B7),INDEX(Waivers!$A:$Z,0,MATCH("*Email*",Waivers!$1:$1,0)),0),IFERROR(-MATCH(TRIM($A7),INDEX(Waivers!$A:$Z,0,MATCH("*Participant Name*",Waivers!$1:$1,0)),0),"")))
C8: =IF($A8="","",IFERROR(IF($H8="","NOT SIGNED",IF($H8>0,"YES","YES - check name")),"check headings")) | D8: =IF(OR($A8="",$H8=""),"",IFERROR(IF(INDEX(Waivers!$A:$Z,ABS($H8),MATCH("*hotograph*",Waivers!$1:$1,0))<>"","DO NOT PHOTO",""),"")) | E8: =IF(OR($A8="",$H8=""),"",IFERROR(INDEX(Waivers!$A:$Z,ABS($H8),MATCH("*Emergency Contact Name*",Waivers!$1:$1,0))&" "&INDEX(Waivers!$A:$Z,ABS($H8),MATCH("*Emergency Contact Phone*",Waivers!$1:$1,0)),"")) | H8: =IF($A8="","",IFERROR(MATCH(TRIM($B8),INDEX(Waivers!$A:$Z,0,MATCH("*Email*",Waivers!$1:$1,0)),0),IFERROR(-MATCH(TRIM($A8),INDEX(Waivers!$A:$Z,0,MATCH("*Participant Name*",Waivers!$1:$1,0)),0),"")))
C9: =IF($A9="","",IFERROR(IF($H9="","NOT SIGNED",IF($H9>0,"YES","YES - check name")),"check headings")) | D9: =IF(OR($A9="",$H9=""),"",IFERROR(IF(INDEX(Waivers!$A:$Z,ABS($H9),MATCH("*hotograph*",Waivers!$1:$1,0))<>"","DO NOT PHOTO",""),"")) | E9: =IF(OR($A9="",$H9=""),"",IFERROR(INDEX(Waivers!$A:$Z,ABS($H9),MATCH("*Emergency Contact Name*",Waivers!$1:$1,0))&" "&INDEX(Waivers!$A:$Z,ABS($H9),MATCH("*Emergency Contact Phone*",Waivers!$1:$1,0)),"")) | H9: =IF($A9="","",IFERROR(MATCH(TRIM($B9),INDEX(Waivers!$A:$Z,0,MATCH("*Email*",Waivers!$1:$1,0)),0),IFERROR(-MATCH(TRIM($A9),INDEX(Waivers!$A:$Z,0,MATCH("*Participant Name*",Waivers!$1:$1,0)),0),"")))
C10: =IF($A10="","",IFERROR(IF($H10="","NOT SIGNED",IF($H10>0,"YES","YES - check name")),"check headings")) | D10: =IF(OR($A10="",$H10=""),"",IFERROR(IF(INDEX(Waivers!$A:$Z,ABS($H10),MATCH("*hotograph*",Waivers!$1:$1,0))<>"","DO NOT PHOTO",""),"")) | E10: =IF(OR($A10="",$H10=""),"",IFERROR(INDEX(Waivers!$A:$Z,ABS($H10),MATCH("*Emergency Contact Name*",Waivers!$1:$1,0))&" "&INDEX(Waivers!$A:$Z,ABS($H10),MATCH("*Emergency Contact Phone*",Waivers!$1:$1,0)),"")) | H10: =IF($A10="","",IFERROR(MATCH(TRIM($B10),INDEX(Waivers!$A:$Z,0,MATCH("*Email*",Waivers!$1:$1,0)),0),IFERROR(-MATCH(TRIM($A10),INDEX(Waivers!$A:$Z,0,MATCH("*Participant Name*",Waivers!$1:$1,0)),0),"")))
C11: =IF($A11="","",IFERROR(IF($H11="","NOT SIGNED",IF($H11>0,"YES","YES - check name")),"check headings")) | D11: =IF(OR($A11="",$H11=""),"",IFERROR(IF(INDEX(Waivers!$A:$Z,ABS($H11),MATCH("*hotograph*",Waivers!$1:$1,0))<>"","DO NOT PHOTO",""),"")) | E11: =IF(OR($A11="",$H11=""),"",IFERROR(INDEX(Waivers!$A:$Z,ABS($H11),MATCH("*Emergency Contact Name*",Waivers!$1:$1,0))&" "&INDEX(Waivers!$A:$Z,ABS($H11),MATCH("*Emergency Contact Phone*",Waivers!$1:$1,0)),"")) | H11: =IF($A11="","",IFERROR(MATCH(TRIM($B11),INDEX(Waivers!$A:$Z,0,MATCH("*Email*",Waivers!$1:$1,0)),0),IFERROR(-MATCH(TRIM($A11),INDEX(Waivers!$A:$Z,0,MATCH("*Participant Name*",Waivers!$1:$1,0)),0),"")))
C12: =IF($A12="","",IFERROR(IF($H12="","NOT SIGNED",IF($H12>0,"YES","YES - check name")),"check headings")) | D12: =IF(OR($A12="",$H12=""),"",IFERROR(IF(INDEX(Waivers!$A:$Z,ABS($H12),MATCH("*hotograph*",Waivers!$1:$1,0))<>"","DO NOT PHOTO",""),"")) | E12: =IF(OR($A12="",$H12=""),"",IFERROR(INDEX(Waivers!$A:$Z,ABS($H12),MATCH("*Emergency Contact Name*",Waivers!$1:$1,0))&" "&INDEX(Waivers!$A:$Z,ABS($H12),MATCH("*Emergency Contact Phone*",Waivers!$1:$1,0)),"")) | H12: =IF($A12="","",IFERROR(MATCH(TRIM($B12),INDEX(Waivers!$A:$Z,0,MATCH("*Email*",Waivers!$1:$1,0)),0),IFERROR(-MATCH(TRIM($A12),INDEX(Waivers!$A:$Z,0,MATCH("*Participant Name*",Waivers!$1:$1,0)),0),"")))
C13: =IF($A13="","",IFERROR(IF($H13="","NOT SIGNED",IF($H13>0,"YES","YES - check name")),"check headings")) | D13: =IF(OR($A13="",$H13=""),"",IFERROR(IF(INDEX(Waivers!$A:$Z,ABS($H13),MATCH("*hotograph*",Waivers!$1:$1,0))<>"","DO NOT PHOTO",""),"")) | E13: =IF(OR($A13="",$H13=""),"",IFERROR(INDEX(Waivers!$A:$Z,ABS($H13),MATCH("*Emergency Contact Name*",Waivers!$1:$1,0))&" "&INDEX(Waivers!$A:$Z,ABS($H13),MATCH("*Emergency Contact Phone*",Waivers!$1:$1,0)),"")) | H13: =IF($A13="","",IFERROR(MATCH(TRIM($B13),INDEX(Waivers!$A:$Z,0,MATCH("*Email*",Waivers!$1:$1,0)),0),IFERROR(-MATCH(TRIM($A13),INDEX(Waivers!$A:$Z,0,MATCH("*Participant Name*",Waivers!$1:$1,0)),0),"")))
... C41: =IF($A41="","",IFERROR(IF($H41="","NOT SIGNED",IF($H41>0,"YES","YES - check name")),"check headings")) | D41: =IF(OR($A41="",$H41=""),"",IFERROR(IF(INDEX(Waivers!$A:$Z,ABS($H41),MATCH("*hotograph*",Waivers!$1:$1,0))<>"","DO NOT PHOTO",""),"")) | E41: =IF(OR($A41="",$H41=""),"",IFERROR(INDEX(Waivers!$A:$Z,ABS($H41),MATCH("*Emergency Contact Name*",Waivers!$1:$1,0))&" "&INDEX(Waivers!$A:$Z,ABS($H41),MATCH("*Emergency Contact Phone*",Waivers!$1:$1,0)),"")) | H41: =IF($A41="","",IFERROR(MATCH(TRIM($B41),INDEX(Waivers!$A:$Z,0,MATCH("*Email*",Waivers!$1:$1,0)),0),IFERROR(-MATCH(TRIM($A41),INDEX(Waivers!$A:$Z,0,MATCH("*Participant Name*",Waivers!$1:$1,0)),0),"")))

Sheet Waivers
A1: Paste the whole waiver response sheet here, including its heading row, starting in this cell.
